id_domicilio,regiao_administrativa,renda_per_capita_rs,num_moradores,num_comodos,acesso_rede_oficial,gasto_energia_rs,percentual_gasto_energia,inscrito_cadunico,risco_pobreza_energetica
1001,Park Way,11161.39,3,4,1,220.14,1.0,0,0
1002,Samambaia,1282.9,4,2,1,106.94,2.08,0,0
1003,Ceilândia,1066.75,3,7,1,149.57,4.67,0,0
1004,Plano Piloto,12386.08,4,6,1,266.14,1.0,0,0
1005,Sobradinho II,994.56,4,5,1,133.47,3.35,0,0
1006,Sobradinho II,784.33,5,6,1,170.53,4.35,1,1
1007,Sobradinho II,1523.2,4,2,1,134.47,2.21,1,0
1008,Samambaia,1169.47,6,2,1,200.15,2.85,0,0
1009,Ceilândia,954.9,3,5,1,144.13,5.03,1,0
1010,Ceilândia,1370.01,4,3,0,169.78,3.1,0,1
1011,Sobradinho II,1468.26,4,3,1,115.1,1.96,1,0
1012,Samambaia,1153.34,7,3,1,118.43,1.47,1,1
1013,Samambaia,967.12,4,4,1,127.83,3.3,0,0
1014,Sobradinho II,1644.29,3,3,0,127.85,2.59,1,1
1015,Sobradinho II,1582.06,2,4,1,88.97,2.81,0,0
1016,Sobradinho II,1372.23,10,4,1,142.58,1.04,0,0
1017,Park Way,11639.28,7,3,1,434.44,1.0,0,0
1018,Plano Piloto,7073.85,5,3,1,426.81,1.21,0,0
1019,Pirenópolis,1111.83,3,5,0,181.42,5.44,1,1
1020,Park Way,7323.76,3,7,1,345.04,1.57,0,0
1021,Ceilândia,1189.06,4,5,0,188.11,3.95,0,1
1022,Sobradinho II,1468.14,6,4,1,169.37,1.92,1,1
1023,Park Way,8089.9,1,5,1,415.05,5.13,0,0
1024,Park Way,9098.49,5,4,1,274.01,1.0,1,0
1025,Pirenópolis,1199.51,6,2,1,158.91,2.21,0,0
1026,Ceilândia,1546.5,10,4,1,134.89,1.0,1,0
1027,Sobradinho II,1377.0,4,4,1,89.2,1.62,1,0
1028,Plano Piloto,11011.13,7,5,1,232.95,1.0,0,0
1029,Plano Piloto,9616.91,2,7,1,333.92,1.74,0,0
1030,Sobradinho II,1527.89,2,2,1,120.79,3.95,1,0
1031,Ceilândia,1336.74,5,6,1,132.12,1.98,0,0
1032,Sobradinho II,1525.36,3,6,1,106.98,2.34,0,0
1033,Sobradinho II,1579.96,9,7,1,155.67,1.09,1,0
1034,Samambaia,1645.58,7,6,1,93.4,1.0,1,0
1035,Samambaia,1351.1,4,2,1,164.42,3.04,0,0
1036,Samambaia,1484.34,3,3,1,162.13,3.64,1,0
1037,Park Way,8347.45,19,2,0,356.07,1.0,0,1
1038,Sobradinho II,1803.23,3,5,1,204.67,3.78,1,0
1039,Ceilândia,1037.67,2,4,1,123.0,5.92,1,0
1040,Pirenópolis,2176.3,4,4,1,200.46,2.3,1,0
1041,Sobradinho II,1388.76,6,5,0,216.43,2.6,0,1
1042,Pirenópolis,1142.15,6,5,1,179.8,2.62,0,0
1043,Sobradinho II,1435.87,2,4,1,187.09,6.51,1,0
1044,Samambaia,1122.93,3,7,1,158.36,4.7,0,0
1045,Park Way,9929.09,4,3,1,256.06,1.0,0,0
1046,Ceilândia,1043.37,3,3,0,208.23,6.65,0,1
1047,Park Way,7741.49,8,3,1,258.29,1.0,0,0
1048,Plano Piloto,5598.83,2,5,1,153.42,1.37,0,0
1049,Plano Piloto,8185.85,3,4,1,338.96,1.38,0,0
1050,Sobradinho II,721.31,7,7,1,129.11,2.56,0,0
1051,Samambaia,888.19,4,4,0,66.97,1.88,1,1
1052,Ceilândia,1382.5,4,4,1,144.95,2.62,0,0
1053,Samambaia,1504.31,5,7,1,144.17,1.92,0,0
1054,Samambaia,1410.62,7,2,1,103.76,1.05,0,0
1055,Plano Piloto,7259.44,3,7,1,188.77,1.0,0,0
1056,Samambaia,1287.6,6,2,0,134.19,1.74,0,1
1057,Sobradinho II,1398.99,2,6,1,128.96,4.61,0,0
1058,Sobradinho II,1075.66,3,2,1,176.28,5.46,1,0
1059,Sobradinho II,1820.95,2,3,1,160.67,4.41,1,0
1060,Park Way,9991.52,7,3,1,418.25,1.0,0,0
1061,Park Way,8124.36,4,7,1,320.4,1.0,0,0
1062,Park Way,8545.71,14,3,1,340.06,1.0,0,0
1063,Samambaia,1354.18,5,3,0,148.46,2.19,0,1
1064,Park Way,5029.05,6,6,1,452.93,1.5,0,0
1065,Park Way,8079.8,6,3,1,344.06,1.0,0,0
1066,Plano Piloto,7772.43,5,5,1,310.91,1.0,0,0
1067,Sobradinho II,1119.55,1,5,1,130.82,11.67,0,0
1068,Samambaia,1226.91,6,5,1,91.59,1.24,0,0
1069,Sobradinho II,1903.35,3,2,0,149.83,2.62,0,1
1070,Samambaia,1466.62,3,7,1,125.46,2.85,1,0
1071,Ceilândia,1062.92,7,7,1,148.83,2.0,0,0
1072,Sobradinho II,1560.32,10,4,1,143.38,1.0,0,0
1073,Sobradinho II,1791.82,2,6,1,142.89,3.99,0,0
1074,Samambaia,1540.4,2,5,1,116.18,3.77,1,0
1075,Ceilândia,1214.31,8,5,1,155.25,1.6,0,0
1076,Ceilândia,1044.74,5,3,1,150.73,2.88,0,0
1077,Ceilândia,1367.57,4,5,1,72.78,1.33,1,0
1078,Sobradinho II,1510.18,4,3,1,119.82,1.98,0,0
1079,Park Way,10021.83,2,3,1,315.01,1.57,0,0
1080,Sobradinho II,1577.85,3,4,1,73.88,1.56,1,0
1081,Samambaia,1572.88,4,2,1,158.78,2.52,1,0
1082,Ceilândia,1071.54,6,3,1,158.14,2.46,0,0
1083,Park Way,10739.57,4,3,1,402.13,1.0,0,0
1084,Sobradinho II,1455.33,9,7,0,91.36,1.0,0,1
1085,Park Way,12027.94,5,4,1,410.03,1.0,0,0
1086,Park Way,7328.38,3,3,1,377.25,1.72,0,0
1087,Ceilândia,1616.63,3,6,1,176.81,3.64,1,0
1088,Ceilândia,1247.5,2,2,1,97.94,3.92,1,0
1089,Samambaia,1130.63,8,6,0,82.09,1.0,1,1
1090,Pirenópolis,1445.16,13,5,1,161.46,1.0,1,1
1091,Sobradinho II,1310.3,8,2,1,96.28,1.0,1,1
1092,Ceilândia,1301.8,6,5,1,94.14,1.21,0,0
1093,Ceilândia,1325.48,3,7,1,45.51,1.14,0,0
1094,Plano Piloto,7967.34,9,3,1,209.93,1.0,0,0
1095,Ceilândia,1194.15,2,4,1,173.76,7.27,0,0
1096,Pirenópolis,2285.53,1,6,0,214.33,9.37,0,1
1097,Plano Piloto,12109.58,1,5,1,393.08,3.25,0,0
1098,Pirenópolis,1739.62,10,3,1,147.17,1.0,1,0
1099,Sobradinho II,1410.64,4,6,1,203.53,3.61,0,0
1100,Sobradinho II,1433.61,3,6,1,50.53,1.17,1,0
1101,Sobradinho II,1571.79,1,7,1,181.59,11.55,0,0
1102,Ceilândia,954.53,7,7,1,78.73,1.18,1,1
1103,Park Way,8062.46,11,5,1,246.83,1.0,0,0
1104,Plano Piloto,5996.55,8,3,1,436.9,1.0,0,0
1105,Samambaia,1403.8,12,4,1,140.99,1.0,0,0
1106,Sobradinho II,1581.21,4,5,1,149.3,2.36,0,0
1107,Pirenópolis,1445.38,12,6,1,124.91,1.0,0,0
1108,Ceilândia,1577.76,3,6,0,212.72,4.49,1,1
1109,Sobradinho II,1056.79,10,2,1,143.94,1.36,0,0
1110,Sobradinho II,989.98,5,3,1,74.22,1.5,1,1
1111,Park Way,8881.57,4,2,1,335.33,1.0,0,0
1112,Sobradinho II,1693.19,2,7,1,101.87,3.01,0,0
1113,Samambaia,1737.82,2,4,1,84.54,2.43,1,0
1114,Samambaia,1180.69,5,5,0,173.16,2.93,1,1
1115,Ceilândia,1458.88,2,6,1,151.32,5.18,0,0
1116,Samambaia,1289.99,6,3,1,110.56,1.43,0,0
1117,Samambaia,1255.12,6,6,1,94.0,1.25,0,0
1118,Sobradinho II,1647.42,3,7,1,90.03,1.82,0,0
1119,Samambaia,1469.6,4,2,0,123.09,2.09,1,1
1120,Plano Piloto,6162.49,3,2,1,426.73,2.31,0,0
1121,Samambaia,1683.9,10,5,1,202.15,1.2,1,0
1122,Samambaia,1658.82,8,3,1,128.15,1.0,1,0
1123,Park Way,7436.54,5,7,1,216.09,1.0,0,0
1124,Sobradinho II,1510.82,1,3,1,178.75,11.82,0,0
1125,Sobradinho II,1538.33,2,5,1,83.29,2.71,1,0
1126,Pirenópolis,1683.42,6,7,1,99.99,1.0,0,0
1127,Samambaia,1156.92,5,7,1,69.46,1.2,0,0
1128,Samambaia,1125.38,5,2,0,161.75,2.87,1,1
1129,Sobradinho II,1392.84,5,2,1,128.33,1.84,0,0
1130,Plano Piloto,11110.91,3,2,1,352.72,1.06,0,0
1131,Pirenópolis,1773.95,4,6,1,71.28,1.0,1,0
1132,Sobradinho II,1296.23,5,4,1,131.53,2.03,0,0
1133,Sobradinho II,1616.08,3,2,0,110.41,2.28,1,1
1134,Park Way,3657.48,5,4,1,374.98,2.05,0,0
1135,Samambaia,1598.68,1,4,1,217.94,13.62,0,0
1136,Park Way,5542.49,6,3,1,366.02,1.1,0,0
1137,Plano Piloto,8347.61,4,5,1,297.64,1.0,0,0
1138,Ceilândia,931.28,5,6,1,162.34,3.49,0,0
1139,Park Way,6299.04,3,4,1,428.88,2.27,0,0
1140,Samambaia,1601.81,12,6,1,164.62,1.0,0,0
1141,Samambaia,1178.4,6,3,0,47.17,1.0,0,1
1142,Park Way,9089.06,7,2,1,412.28,1.0,0,0
1143,Pirenópolis,1584.99,7,7,1,206.26,1.86,0,0
1144,Park Way,9310.97,5,4,1,376.69,1.0,0,0
1145,Park Way,8630.6,6,5,1,395.17,1.0,0,0
1146,Sobradinho II,1040.76,9,7,1,238.84,2.55,1,1
1147,Ceilândia,1439.1,5,3,1,119.12,1.66,1,1
1148,Plano Piloto,8111.24,5,6,1,315.04,1.0,0,0
1149,Sobradinho II,964.16,1,2,1,129.05,13.37,0,0
1150,Park Way,7772.2,5,6,1,387.68,1.0,0,0
1151,Samambaia,1690.2,3,5,1,208.14,4.1,1,0
1152,Sobradinho II,1638.06,3,4,1,171.2,3.48,1,0
1153,Sobradinho II,1302.38,2,5,1,96.1,3.69,0,0
1154,Pirenópolis,1488.24,5,6,1,168.36,2.26,0,0
1155,Samambaia,1216.37,7,6,1,147.54,1.73,1,1
1156,Sobradinho II,1981.49,4,7,1,165.78,2.09,1,0
1157,Ceilândia,1291.66,7,5,1,155.01,1.71,0,0
1158,Ceilândia,1303.21,7,5,1,135.99,1.49,0,0
1159,Sobradinho II,1688.48,4,5,1,144.27,2.14,0,0
1160,Ceilândia,1257.31,6,2,1,179.3,2.38,0,0
1161,Park Way,8059.63,4,6,1,327.29,1.02,0,0
1162,Ceilândia,1152.88,2,3,0,120.62,5.23,1,1
1163,Ceilândia,1182.82,2,2,1,116.73,4.93,0,0
1164,Plano Piloto,8933.0,9,2,1,422.7,1.0,0,0
1165,Sobradinho II,1603.74,6,2,1,124.85,1.3,1,0
1166,Samambaia,1313.51,11,7,1,212.31,1.47,1,1
1167,Park Way,9745.49,10,3,1,388.74,1.0,0,0
1168,Sobradinho II,1377.4,3,5,1,179.53,4.34,1,0
1169,Sobradinho II,1422.02,3,7,1,103.36,2.42,1,0
1170,Plano Piloto,5403.24,6,6,1,396.96,1.22,0,0
1171,Ceilândia,1419.92,1,4,1,172.27,12.12,0,0
1172,Sobradinho II,1497.02,6,7,1,182.72,2.03,1,1
1173,Plano Piloto,10796.42,2,4,1,252.31,1.17,0,0
1174,Sobradinho II,589.05,7,6,1,141.55,3.43,1,1
1175,Ceilândia,1701.21,3,3,0,112.56,2.21,0,1
1176,Sobradinho II,1360.91,7,4,1,209.58,2.2,1,1
1177,Ceilândia,1465.96,1,2,1,142.19,9.69,1,0
1178,Park Way,6732.16,2,7,1,429.53,3.19,0,0
1179,Samambaia,1459.32,1,4,0,57.17,3.91,0,1
1180,Sobradinho II,1105.04,5,6,1,142.45,2.58,0,0
1181,Park Way,7439.59,3,2,1,318.22,1.43,0,0
1182,Sobradinho II,1935.93,3,4,1,128.76,2.22,1,0
1183,Samambaia,1250.42,3,6,1,114.47,3.05,0,0
1184,Samambaia,1356.53,7,3,0,165.45,1.74,0,1
1185,Park Way,9979.12,2,6,1,409.3,2.05,0,0
1186,Ceilândia,1318.96,12,3,1,49.55,1.0,0,0
1187,Samambaia,1339.11,7,2,1,149.3,1.59,0,0
1188,Plano Piloto,9656.93,1,6,1,289.47,3.0,0,0
1189,Plano Piloto,13326.15,3,5,1,273.43,1.0,0,0
1190,Sobradinho II,1383.87,6,7,1,119.57,1.44,1,1
1191,Sobradinho II,1456.31,9,5,1,181.7,1.39,0,0
1192,Samambaia,1573.17,4,5,1,122.36,1.94,1,0
1193,Samambaia,1587.44,4,5,1,125.4,1.97,1,0
1194,Ceilândia,1484.89,5,7,1,202.62,2.73,0,0
1195,Park Way,9585.84,2,5,1,286.75,1.5,0,0
1196,Park Way,6556.89,4,3,1,334.65,1.28,0,0
1197,Ceilândia,1592.02,5,6,1,240.78,3.02,1,0
1198,Samambaia,1001.95,7,2,1,86.09,1.23,1,1
1199,Samambaia,1378.69,4,5,1,113.62,2.06,0,0
1200,Ceilândia,1018.97,3,5,1,152.34,4.98,0,0
1201,Ceilândia,1184.61,5,2,1,94.6,1.6,0,0
1202,Sobradinho II,1492.05,3,2,1,106.67,2.38,1,0
1203,Sobradinho II,1489.98,7,5,1,149.3,1.43,0,0
1204,Samambaia,1409.7,3,3,1,138.76,3.28,1,0
1205,Ceilândia,1587.29,10,2,1,144.82,1.0,0,0
1206,Sobradinho II,1526.99,1,6,1,170.46,11.16,0,0
1207,Sobradinho II,1331.64,8,6,1,122.08,1.15,1,1
1208,Ceilândia,1431.38,6,3,1,105.87,1.23,0,0
1209,Sobradinho II,1733.05,6,7,1,148.58,1.43,0,0
1210,Sobradinho II,1056.27,3,4,1,82.5,2.6,0,0
1211,Plano Piloto,10075.32,10,3,1,369.87,1.0,0,0
1212,Ceilândia,1368.28,7,5,1,156.47,1.63,0,0
1213,Ceilândia,1128.58,5,4,1,129.06,2.29,0,0
1214,Sobradinho II,1785.2,4,5,0,137.0,1.92,0,1
1215,Ceilândia,1163.99,4,6,1,91.71,1.97,0,0
1216,Sobradinho II,1435.16,5,2,1,125.92,1.75,1,1
1217,Park Way,8205.78,4,5,1,290.11,1.0,0,0
1218,Ceilândia,1203.74,9,6,1,177.8,1.64,0,0
1219,Ceilândia,936.89,3,3,0,156.55,5.57,0,1
1220,Samambaia,925.59,4,5,1,127.87,3.45,0,0
1221,Ceilândia,1582.68,5,6,1,182.8,2.31,0,0
1222,Plano Piloto,7475.47,8,2,1,356.33,1.0,0,0
1223,Sobradinho II,1122.41,10,5,0,112.11,1.0,0,1
1224,Park Way,4839.24,7,7,1,366.4,1.08,0,0
1225,Park Way,7413.77,4,6,1,403.62,1.36,0,0
1226,Sobradinho II,1029.53,5,5,0,133.77,2.6,1,1
1227,Samambaia,1726.92,10,2,1,128.48,1.0,1,0
1228,Park Way,10216.69,5,5,1,207.75,1.0,0,0
1229,Samambaia,1121.08,6,5,1,196.64,2.92,1,1
1230,Ceilândia,1740.58,3,7,1,128.98,2.47,1,0
1231,Ceilândia,1435.62,2,6,1,179.1,6.24,1,0
1232,Plano Piloto,8415.3,8,4,1,388.09,1.0,0,0
1233,Plano Piloto,4501.07,4,5,1,329.35,1.83,0,0
1234,Pirenópolis,2333.1,1,4,1,83.31,3.57,0,0
1235,Sobradinho II,1010.92,4,3,1,164.37,4.06,1,0
1236,Ceilândia,805.1,3,5,0,163.42,6.76,0,1
1237,Park Way,10238.37,4,4,1,191.91,1.0,0,0
1238,Sobradinho II,2083.13,8,3,1,133.55,1.0,0,0
1239,Ceilândia,1532.23,5,7,1,150.72,1.97,1,0
1240,Sobradinho II,1557.89,6,6,1,167.65,1.79,0,0
1241,Samambaia,1454.64,1,5,1,65.56,4.5,0,0
1242,Samambaia,1521.89,2,6,1,105.02,3.45,0,0
1243,Samambaia,1497.32,9,3,1,83.82,1.0,0,0
1244,Park Way,8978.03,7,6,1,415.67,1.0,0,0
1245,Sobradinho II,1429.18,4,6,1,165.95,2.9,1,0
1246,Samambaia,1283.73,6,2,0,166.75,2.16,1,1
1247,Pirenópolis,1358.73,12,3,1,238.38,1.46,1,1
1248,Samambaia,1227.02,1,6,1,117.84,9.6,1,0
1249,Samambaia,859.83,10,4,1,65.9,1.0,0,0
1250,Samambaia,1274.43,3,3,1,44.35,1.16,0,0
1251,Park Way,6819.4,5,2,1,468.74,1.37,0,0
1252,Park Way,6623.9,8,5,1,367.97,1.0,0,0
1253,Samambaia,1346.77,6,7,0,98.23,1.22,0,1
1254,Park Way,10866.4,3,6,1,373.05,1.14,0,0
1255,Sobradinho II,1657.13,4,4,1,103.24,1.56,0,0
1256,Plano Piloto,6173.1,9,2,1,381.71,1.0,0,0
1257,Samambaia,1042.7,2,3,1,131.11,6.28,1,0
1258,Ceilândia,1425.79,4,7,0,131.38,2.3,0,1
1259,Plano Piloto,7231.52,4,7,1,305.78,1.06,0,0
1260,Sobradinho II,1337.1,7,6,1,190.18,2.03,1,1
1261,Ceilândia,1332.01,5,2,0,146.52,2.2,0,1
1262,Samambaia,1048.23,11,2,1,247.28,2.14,0,0
1263,Sobradinho II,1429.51,3,4,1,113.58,2.65,0,0
1264,Plano Piloto,6598.75,4,5,1,383.25,1.45,0,0
1265,Samambaia,1143.64,7,5,1,126.72,1.58,0,0
1266,Ceilândia,1276.75,14,5,1,160.45,1.0,1,1
1267,Ceilândia,817.68,5,7,1,123.23,3.01,1,1
1268,Ceilândia,1305.71,6,7,1,155.69,1.99,0,0
1269,Park Way,8466.62,7,3,1,240.63,1.0,0,0
1270,Park Way,9439.23,6,7,1,321.92,1.0,0,0
1271,Samambaia,1358.22,9,7,0,78.62,1.0,1,1
1272,Samambaia,1654.68,7,2,1,133.07,1.15,1,0
1273,Samambaia,1332.56,3,3,1,72.0,1.8,1,0
1274,Samambaia,1188.35,8,2,1,195.12,2.05,0,0
1275,Plano Piloto,9220.14,9,4,1,292.78,1.0,0,0
1276,Plano Piloto,9977.94,4,4,1,265.2,1.0,0,0
1277,Ceilândia,1211.73,2,3,1,117.96,4.87,0,0
1278,Ceilândia,1209.74,5,3,1,102.54,1.7,0,0
1279,Ceilândia,1031.52,4,7,1,157.01,3.8,1,0
1280,Ceilândia,1040.9,6,4,1,197.68,3.16,1,1
1281,Samambaia,935.32,6,6,1,103.76,1.85,0,0
1282,Park Way,11474.28,4,5,1,330.21,1.0,0,0
1283,Park Way,6385.43,5,7,1,330.88,1.04,0,0
1284,Sobradinho II,1205.99,1,5,1,131.36,10.88,0,0
1285,Plano Piloto,7706.87,3,4,1,297.36,1.29,0,0
1286,Sobradinho II,1650.58,5,5,0,176.79,2.14,1,1
1287,Pirenópolis,1505.62,3,6,1,110.69,2.45,1,0
1288,Plano Piloto,11245.94,2,6,1,325.15,1.45,0,0
1289,Park Way,7355.07,4,2,1,396.83,1.35,0,0
1290,Plano Piloto,9502.19,1,3,1,241.39,2.54,0,0
1291,Sobradinho II,1166.1,8,5,0,166.53,1.78,0,1
1292,Sobradinho II,2000.64,1,6,1,154.52,7.72,1,0
1293,Samambaia,991.22,1,3,0,118.84,11.98,1,1
1294,Park Way,9026.7,5,3,1,437.5,1.0,0,0
1295,Sobradinho II,1577.46,2,2,1,129.0,4.09,0,0
1296,Plano Piloto,9744.84,4,3,1,340.91,1.0,0,0
1297,Ceilândia,1155.53,5,3,1,124.82,2.16,0,0
1298,Sobradinho II,1363.65,6,7,1,162.5,1.99,0,0
1299,Ceilândia,1210.51,5,4,0,95.87,1.58,1,1
1300,Sobradinho II,1358.84,2,2,1,140.13,5.15,1,0
1301,Sobradinho II,1669.89,9,2,1,175.32,1.17,0,0
1302,Plano Piloto,12978.94,6,5,1,430.32,1.0,0,0
1303,Plano Piloto,7996.51,2,3,1,215.94,1.35,0,0
1304,Ceilândia,871.25,5,5,1,184.59,4.24,1,1
1305,Ceilândia,1178.81,5,7,1,118.81,2.02,0,0
1306,Samambaia,1970.72,4,6,1,143.06,1.81,0,0
1307,Plano Piloto,7553.39,1,3,1,362.37,4.8,0,0
1308,Park Way,11286.5,7,6,1,388.23,1.0,0,0
1309,Ceilândia,1602.65,5,4,1,148.89,1.86,1,0
1310,Park Way,7558.9,10,7,1,345.04,1.0,0,0
1311,Pirenópolis,1782.07,4,3,1,117.35,1.65,0,0
1312,Sobradinho II,1855.95,8,5,1,181.11,1.22,1,0
1313,Sobradinho II,1293.84,8,5,1,108.04,1.04,0,0
1314,Samambaia,1247.07,9,3,1,196.79,1.75,0,0
1315,Samambaia,1148.76,1,5,0,221.22,19.24,0,1
1316,Ceilândia,956.46,9,3,1,107.71,1.25,0,0
1317,Pirenópolis,1392.23,3,2,1,91.81,2.2,0,0
1318,Sobradinho II,1057.3,1,5,1,176.96,16.72,0,0
1319,Sobradinho II,1409.54,10,3,0,64.45,1.0,1,1
1320,Park Way,7191.05,4,3,1,220.08,1.0,0,0
1321,Plano Piloto,9420.81,10,5,1,253.62,1.0,0,0
1322,Ceilândia,826.59,15,2,1,187.73,1.51,1,1
1323,Ceilândia,1279.41,2,5,1,124.7,4.87,0,0
1324,Park Way,9917.0,10,3,1,296.02,1.0,0,0
1325,Samambaia,781.63,2,2,1,192.11,12.28,1,1
1326,Ceilândia,1289.77,8,6,1,149.64,1.45,1,1
1327,Plano Piloto,11209.8,6,4,1,241.92,1.0,0,0
1328,Ceilândia,909.69,1,5,1,160.88,17.67,0,0
1329,Pirenópolis,2135.22,2,7,1,140.67,3.29,0,0
1330,Sobradinho II,1517.33,6,3,1,171.29,1.88,1,0
1331,Park Way,7301.48,3,2,1,422.98,1.93,0,0
1332,Ceilândia,1186.62,9,2,1,80.32,1.0,0,0
1333,Sobradinho II,1556.33,8,6,1,109.97,1.0,1,0
1334,Sobradinho II,1421.28,12,5,0,97.67,1.0,0,1
1335,Sobradinho II,1550.85,1,7,1,152.33,9.82,1,0
1336,Sobradinho II,1142.21,5,2,1,110.33,1.93,0,0
1337,Samambaia,1344.03,2,6,0,81.62,3.04,0,1
1338,Ceilândia,860.71,2,3,1,98.25,5.7,1,0
1339,Pirenópolis,1564.41,4,6,1,85.16,1.36,0,0
1340,Sobradinho II,1146.91,5,5,1,142.39,2.48,1,1
1341,Pirenópolis,1364.63,5,6,0,80.18,1.17,0,1
1342,Pirenópolis,1995.55,8,2,1,101.53,1.0,1,0
1343,Sobradinho II,1705.57,7,2,1,125.43,1.05,1,0
1344,Pirenópolis,1794.92,3,4,1,168.31,3.13,0,0
1345,Park Way,6643.07,7,6,1,256.11,1.0,0,0
1346,Ceilândia,1124.06,3,3,0,130.44,3.87,0,1
1347,Ceilândia,1491.14,2,7,0,97.44,3.27,0,1
1348,Sobradinho II,1439.68,7,7,1,89.54,1.0,1,1
1349,Park Way,12442.86,14,5,1,245.65,1.0,0,0
1350,Ceilândia,1294.4,6,4,1,142.05,1.83,0,0
1351,Plano Piloto,9345.69,8,6,1,323.63,1.0,0,0
1352,Samambaia,1219.63,7,3,0,117.65,1.38,0,1
1353,Ceilândia,1232.05,5,4,0,147.06,2.39,1,1
1354,Sobradinho II,1357.31,2,2,0,166.93,6.15,0,1
1355,Sobradinho II,1598.27,3,5,1,68.22,1.42,0,0
1356,Ceilândia,1429.61,2,6,1,175.64,6.14,1,0
1357,Sobradinho II,1179.92,16,7,1,98.49,1.0,1,1
1358,Plano Piloto,6603.78,3,3,1,429.69,2.17,0,0
1359,Samambaia,822.59,3,2,1,172.91,7.0,1,0
1360,Plano Piloto,9914.38,1,4,1,337.82,3.41,0,0
1361,Park Way,6624.28,6,5,1,277.36,1.0,0,0
1362,Ceilândia,683.31,6,4,1,131.66,3.21,1,1
1363,Pirenópolis,1724.35,8,7,1,186.31,1.35,1,0
1364,Plano Piloto,13487.4,13,4,1,339.22,1.0,0,0
1365,Samambaia,1298.42,4,3,1,190.3,3.66,1,0
1366,Park Way,9925.43,8,2,1,275.36,1.0,0,0
1367,Samambaia,1321.28,1,6,1,107.23,8.11,0,0
1368,Samambaia,1274.29,3,3,0,148.67,3.89,1,1
1369,Sobradinho II,1657.34,2,7,1,191.09,5.76,1,0
1370,Sobradinho II,1318.72,1,5,1,169.07,12.81,0,0
1371,Sobradinho II,1474.87,4,7,1,136.45,2.31,1,0
1372,Sobradinho II,1490.08,6,7,1,168.29,1.88,0,0
1373,Sobradinho II,1212.93,5,4,1,113.83,1.88,0,0
1374,Ceilândia,1438.09,5,5,1,151.65,2.11,0,0
1375,Sobradinho II,1351.01,5,3,1,170.31,2.52,0,0
1376,Park Way,7215.23,1,7,1,453.02,6.28,0,0
1377,Samambaia,1439.49,4,3,0,147.66,2.56,1,1
1378,Sobradinho II,1148.43,2,6,1,158.48,6.9,0,0
1379,Samambaia,1307.33,4,4,1,121.07,2.31,0,0
1380,Park Way,8484.5,1,3,1,349.18,4.12,0,0
1381,Sobradinho II,1704.05,2,5,0,106.73,3.13,0,1
1382,Ceilândia,1313.93,3,7,1,190.56,4.83,1,0
1383,Ceilândia,1193.99,7,6,1,173.69,2.08,0,0
1384,Samambaia,1512.62,5,5,0,155.66,2.06,0,1
1385,Ceilândia,1533.65,4,4,1,208.79,3.4,0,0
1386,Samambaia,1445.03,1,6,1,170.02,11.76,0,0
1387,Park Way,8517.6,3,6,1,244.5,1.0,0,0
1388,Sobradinho II,1032.69,6,6,1,154.17,2.49,1,1
1389,Ceilândia,944.37,3,7,0,149.59,5.28,0,1
1390,Samambaia,1220.64,3,2,1,101.39,2.77,1,0
1391,Samambaia,1141.53,3,6,1,166.2,4.85,0,0
1392,Pirenópolis,1540.17,4,5,1,71.94,1.17,1,0
1393,Park Way,8596.3,5,5,1,333.11,1.0,0,0
1394,Ceilândia,1327.13,3,4,1,193.47,4.86,1,0
1395,Park Way,8380.15,9,3,1,309.92,1.0,0,0
1396,Samambaia,1426.49,5,3,1,140.59,1.97,1,1
1397,Samambaia,1316.76,7,2,1,139.56,1.51,1,1
1398,Pirenópolis,967.85,3,7,1,75.07,2.58,0,0
1399,Ceilândia,974.56,3,7,1,136.92,4.68,0,0
1400,Ceilândia,1165.42,3,6,1,166.03,4.75,0,0
1401,Sobradinho II,1061.29,6,2,1,193.49,3.04,0,0
1402,Samambaia,1455.98,6,4,1,235.77,2.7,1,1
1403,Plano Piloto,11755.35,3,4,1,341.37,1.0,0,0
1404,Samambaia,1616.88,4,3,1,169.37,2.62,1,0
1405,Park Way,8137.15,6,4,1,237.29,1.0,0,0
1406,Samambaia,1687.59,3,6,1,94.23,1.86,1,0
1407,Park Way,8752.73,8,5,1,307.96,1.0,0,0
1408,Sobradinho II,1305.62,8,4,1,78.9,1.0,0,0
1409,Samambaia,1140.52,4,2,1,79.86,1.75,0,0
1410,Sobradinho II,1315.31,4,6,1,162.2,3.08,1,0
1411,Park Way,7840.1,7,4,1,309.24,1.0,0,0
1412,Samambaia,1344.31,6,7,1,130.9,1.62,1,1
1413,Samambaia,1341.75,3,4,1,127.58,3.17,0,0
1414,Plano Piloto,9005.48,1,7,1,487.09,5.41,0,0
1415,Ceilândia,1304.87,7,6,0,112.93,1.24,1,1
1416,Pirenópolis,1981.01,3,4,1,187.0,3.15,0,0
1417,Park Way,10114.24,3,7,1,387.99,1.28,0,0
1418,Park Way,5975.67,9,5,1,355.91,1.0,0,0
1419,Ceilândia,587.06,9,3,1,129.26,2.45,0,0
1420,Ceilândia,1424.24,4,6,1,99.08,1.74,0,0
1421,Ceilândia,871.95,10,7,1,115.61,1.33,1,1
1422,Ceilândia,1146.06,4,2,1,97.29,2.12,0,0
1423,Sobradinho II,1072.37,7,4,0,141.0,1.88,0,1
1424,Pirenópolis,1023.37,4,7,1,167.45,4.09,0,0
1425,Sobradinho II,1551.61,8,7,1,157.14,1.27,0,0
1426,Plano Piloto,10366.48,3,7,1,277.18,1.0,0,0
1427,Pirenópolis,1415.52,5,3,0,150.14,2.12,1,1
1428,Samambaia,626.33,1,2,0,77.53,12.36,1,1
1429,Park Way,7571.38,8,2,1,249.02,1.0,0,0
1430,Sobradinho II,1509.71,9,5,1,148.84,1.1,0,0
1431,Sobradinho II,985.9,3,3,1,163.19,5.52,1,0
1432,Ceilândia,1244.01,6,7,0,128.78,1.73,1,1
1433,Ceilândia,1196.33,2,6,1,169.54,7.08,0,0
1434,Sobradinho II,1562.2,4,3,0,206.9,3.31,1,1
1435,Sobradinho II,1433.48,10,3,1,195.17,1.36,0,0
1436,Ceilândia,966.46,4,2,1,133.03,3.44,0,0
1437,Sobradinho II,1735.04,11,5,0,60.44,1.0,1,1
1438,Samambaia,1258.78,4,5,1,134.14,2.66,0,0
1439,Ceilândia,1193.45,5,3,1,164.74,2.76,1,1
1440,Sobradinho II,1138.68,4,3,1,181.2,3.98,1,0
1441,Sobradinho II,1275.88,3,4,0,209.33,5.47,1,1
1442,Samambaia,1069.95,7,7,1,132.36,1.77,0,0
1443,Park Way,8205.99,5,2,1,417.27,1.02,0,0
1444,Park Way,11409.9,2,7,1,371.98,1.63,0,0
1445,Samambaia,943.31,3,6,1,112.98,3.99,1,0
1446,Samambaia,880.47,3,6,1,101.45,3.84,0,0
1447,Samambaia,1682.5,7,5,1,146.98,1.25,0,0
1448,Ceilândia,1149.76,6,2,0,79.24,1.15,1,1
1449,Park Way,7362.58,8,7,1,383.38,1.0,0,0
1450,Sobradinho II,1691.17,3,5,1,191.62,3.78,0,0
1451,Ceilândia,1054.65,3,6,1,145.29,4.59,1,0
1452,Plano Piloto,12286.82,4,3,1,419.95,1.0,0,0
1453,Pirenópolis,1816.94,12,2,1,170.68,1.0,0,0
1454,Samambaia,1173.14,2,2,1,131.02,5.58,0,0
1455,Sobradinho II,2004.05,4,7,1,180.68,2.25,0,0
1456,Pirenópolis,1406.17,6,4,0,263.31,3.12,0,1
1457,Sobradinho II,1607.79,4,7,1,191.4,2.98,1,0
1458,Pirenópolis,1695.77,5,3,1,155.05,1.83,0,0
1459,Sobradinho II,1764.49,13,3,1,102.09,1.0,1,0
1460,Sobradinho II,1837.22,4,5,1,139.62,1.9,0,0
1461,Sobradinho II,1408.96,1,2,0,55.18,3.91,1,1
1462,Ceilândia,1019.18,3,5,0,167.15,5.47,0,1
1463,Ceilândia,1310.39,7,3,1,75.87,1.0,0,0
1464,Plano Piloto,7780.11,3,4,1,410.0,1.76,0,0
1465,Samambaia,1823.48,3,2,1,122.42,2.24,1,0
1466,Park Way,8732.11,8,3,1,547.85,1.0,0,0
1467,Park Way,7878.95,2,4,1,445.21,2.83,0,0
1468,Samambaia,1348.02,6,7,1,101.72,1.26,0,0
1469,Sobradinho II,1022.8,2,6,1,151.9,7.42,0,0
1470,Samambaia,1047.38,4,3,1,129.27,3.08,0,0
1471,Sobradinho II,1736.12,3,6,1,144.73,2.78,1,0
1472,Samambaia,1129.21,5,5,1,185.16,3.28,1,1
1473,Sobradinho II,1106.86,3,6,1,138.33,4.16,0,0
1474,Samambaia,1439.53,2,3,1,120.02,4.17,0,0
1475,Plano Piloto,11134.27,2,6,1,114.43,1.0,0,0
1476,Samambaia,1486.93,6,2,1,215.33,2.41,0,0
1477,Sobradinho II,1678.89,4,3,1,75.32,1.12,0,0
1478,Plano Piloto,7637.77,4,4,1,401.38,1.31,1,0
1479,Samambaia,930.33,5,6,0,139.62,3.0,1,1
1480,Plano Piloto,11702.4,5,2,1,299.2,1.0,0,0
1481,Ceilândia,1122.56,5,5,0,96.87,1.73,0,1
1482,Ceilândia,1139.8,2,5,1,93.55,4.1,0,0
1483,Pirenópolis,2025.02,4,6,1,144.03,1.78,1,0
1484,Ceilândia,1333.5,5,5,1,108.54,1.63,0,0
1485,Plano Piloto,9820.6,3,4,1,368.05,1.25,0,0
1486,Samambaia,1862.9,5,3,1,131.17,1.41,1,0
1487,Sobradinho II,1219.81,9,2,1,97.36,1.0,1,1
1488,Park Way,10077.33,5,7,1,367.7,1.0,0,0
1489,Samambaia,1314.82,5,6,0,198.26,3.02,0,1
1490,Samambaia,1369.83,6,5,1,184.63,2.25,1,1
1491,Pirenópolis,2089.11,7,3,1,152.96,1.05,0,0
1492,Ceilândia,1321.88,1,7,1,109.66,8.29,1,0
1493,Park Way,9415.1,7,4,1,426.95,1.0,0,0
1494,Sobradinho II,1700.3,9,5,1,193.57,1.26,0,0
1495,Pirenópolis,1483.22,5,5,0,159.05,2.14,1,1
1496,Park Way,7073.34,11,2,1,399.52,1.0,0,0
1497,Plano Piloto,7119.34,3,4,1,320.1,1.5,0,0
1498,Sobradinho II,849.42,1,4,1,178.72,21.02,1,1
1499,Samambaia,1834.61,2,6,1,143.06,3.9,1,0
1500,Samambaia,1013.17,5,7,1,152.91,3.02,1,1
1501,Ceilândia,1146.9,3,2,0,114.3,3.32,1,1
1502,Plano Piloto,8501.74,10,6,1,420.25,1.0,0,0
1503,Park Way,9022.59,6,2,1,296.9,1.0,0,0
1504,Samambaia,1512.09,10,4,0,90.2,1.0,1,1
1505,Ceilândia,1406.51,2,2,1,158.77,5.64,0,0
1506,Sobradinho II,1236.74,12,2,1,143.83,1.0,1,1
1507,Samambaia,1256.55,5,2,0,121.67,1.94,1,1
1508,Samambaia,1373.47,3,3,1,69.77,1.69,0,0
1509,Samambaia,1235.34,8,3,1,148.64,1.5,1,1
1510,Ceilândia,1585.76,3,7,0,177.95,3.74,1,1
1511,Ceilândia,1317.83,10,7,1,117.53,1.0,0,0
1512,Pirenópolis,1835.16,2,4,1,231.06,6.29,0,0
1513,Samambaia,1472.35,4,2,1,88.86,1.51,1,0
1514,Samambaia,1605.1,5,4,1,128.04,1.6,0,0
1515,Sobradinho II,1450.69,5,3,1,126.33,1.74,0,0
1516,Sobradinho II,1036.89,4,2,1,216.08,5.21,1,0
1517,Park Way,9179.47,6,6,1,395.96,1.0,0,0
1518,Samambaia,1130.65,4,3,1,128.92,2.85,0,0
1519,Samambaia,1162.56,6,3,0,137.15,1.97,1,1
1520,Sobradinho II,1564.18,3,3,1,115.59,2.46,1,0
1521,Plano Piloto,11228.91,3,2,1,391.5,1.16,0,0
1522,Park Way,8536.16,6,7,1,355.59,1.0,0,0
1523,Samambaia,1380.3,7,5,1,67.04,1.0,0,0
1524,Samambaia,1742.58,3,6,0,119.34,2.28,1,1
1525,Samambaia,1362.6,4,6,1,167.95,3.08,1,0
1526,Pirenópolis,2432.54,9,4,0,155.13,1.0,0,1
1527,Pirenópolis,1780.96,2,2,1,147.51,4.14,0,0
1528,Park Way,5506.7,4,7,1,301.96,1.37,0,0
1529,Sobradinho II,1610.94,5,3,1,115.12,1.43,1,0
1530,Samambaia,1399.1,7,5,1,140.92,1.44,0,0
1531,Samambaia,1635.34,5,2,1,94.28,1.15,0,0
1532,Samambaia,1475.03,6,2,1,118.07,1.33,1,1
1533,Samambaia,1264.0,3,7,1,137.91,3.64,1,0
1534,Plano Piloto,6796.26,1,5,1,387.59,5.7,0,0
1535,Ceilândia,1149.83,5,3,1,152.18,2.65,1,1
1536,Samambaia,1078.86,5,2,1,96.24,1.78,1,1
1537,Samambaia,1149.06,5,6,1,125.34,2.18,0,0
1538,Sobradinho II,1564.8,5,6,1,189.38,2.42,0,0
1539,Pirenópolis,2134.37,5,5,1,37.69,1.0,1,0
1540,Sobradinho II,1510.51,1,3,1,87.15,5.77,1,0
1541,Samambaia,989.07,5,5,1,154.39,3.12,0,0
1542,Ceilândia,1306.7,5,2,1,95.4,1.46,0,0
1543,Sobradinho II,1735.06,6,6,1,78.99,1.0,1,0
1544,Ceilândia,1053.65,3,4,1,168.1,5.32,1,0
1545,Ceilândia,1167.84,6,5,0,194.82,2.78,0,1
1546,Park Way,8524.97,2,4,1,268.8,1.58,0,0
1547,Sobradinho II,1180.23,5,4,1,164.09,2.78,0,0
1548,Ceilândia,1355.59,5,7,1,81.07,1.2,0,0
1549,Plano Piloto,8782.29,1,6,1,407.66,4.64,0,0
1550,Ceilândia,1300.69,2,5,0,194.5,7.47,0,1
1551,Plano Piloto,7402.51,7,4,1,260.29,1.0,0,0
1552,Samambaia,1186.26,12,2,1,155.35,1.09,0,0
1553,Plano Piloto,10300.29,3,7,1,326.23,1.06,0,0
1554,Plano Piloto,8328.9,3,3,1,292.25,1.17,0,0
1555,Samambaia,1749.01,4,7,1,188.46,2.69,1,0
1556,Pirenópolis,1472.12,4,3,1,163.0,2.77,0,0
1557,Sobradinho II,1462.91,8,6,1,154.99,1.32,0,0
1558,Sobradinho II,1661.13,1,5,1,128.39,7.72,0,0
1559,Ceilândia,859.59,6,5,1,168.63,3.27,0,0
1560,Ceilândia,777.41,6,3,1,121.45,2.6,0,0
1561,Ceilândia,833.84,6,2,1,144.37,2.89,1,1
1562,Sobradinho II,1753.52,12,3,1,147.31,1.0,0,0
1563,Sobradinho II,1245.48,3,3,1,188.99,5.06,0,0
1564,Sobradinho II,2116.3,1,5,1,174.75,8.25,1,0
1565,Park Way,7540.78,5,4,1,479.27,1.27,0,0
1566,Plano Piloto,9332.19,2,2,1,336.07,1.8,0,0
1567,Park Way,11121.59,5,5,1,345.72,1.0,0,0
1568,Pirenópolis,2241.95,5,7,0,80.92,1.0,0,1
1569,Samambaia,1835.99,1,3,1,140.86,7.67,1,0
1570,Park Way,10554.22,10,4,1,358.35,1.0,0,0
1571,Plano Piloto,10843.31,2,2,1,365.22,1.68,0,0
1572,Ceilândia,1342.21,4,6,1,163.19,3.04,1,0
1573,Park Way,9823.21,7,2,1,356.84,1.0,0,0
1574,Ceilândia,1067.72,2,2,1,180.49,8.45,0,0
1575,Samambaia,1087.27,5,3,1,232.92,4.28,1,1
1576,Samambaia,1299.12,5,3,1,130.1,2.0,0,0
1577,Sobradinho II,1352.35,4,6,1,239.09,4.42,1,0
1578,Samambaia,1182.16,4,6,1,211.71,4.48,0,0
1579,Pirenópolis,1822.84,2,6,1,90.73,2.49,1,0
1580,Park Way,10124.02,3,5,1,463.0,1.52,0,0
1581,Pirenópolis,1628.29,2,5,1,64.97,1.99,1,0
1582,Samambaia,1684.16,6,3,0,151.48,1.5,0,1
1583,Pirenópolis,1234.66,4,3,1,122.61,2.48,1,0
1584,Park Way,8170.78,3,6,1,252.62,1.03,0,0
1585,Ceilândia,1027.96,8,5,1,149.02,1.81,0,0
1586,Sobradinho II,877.37,3,4,1,147.5,5.6,1,0
1587,Sobradinho II,1376.85,6,5,0,132.23,1.6,1,1
1588,Sobradinho II,1365.91,3,3,1,127.6,3.11,1,0
1589,Sobradinho II,1823.77,7,5,1,164.57,1.29,1,0
1590,Sobradinho II,1576.63,7,3,1,166.81,1.51,0,0
1591,Sobradinho II,1113.23,5,6,1,123.47,2.22,0,0
1592,Ceilândia,1644.98,6,6,1,99.87,1.01,0,0
1593,Sobradinho II,1741.89,3,6,1,78.3,1.5,0,0
1594,Park Way,9489.57,7,4,1,409.03,1.0,0,0
1595,Samambaia,1241.11,4,4,1,102.41,2.06,1,0
1596,Pirenópolis,1292.98,2,3,1,170.14,6.58,1,0
1597,Ceilândia,1110.67,4,2,1,193.9,4.36,0,0
1598,Sobradinho II,1704.85,8,7,1,60.09,1.0,1,0
1599,Sobradinho II,1927.68,6,4,0,84.68,1.0,1,1
1600,Sobradinho II,1832.11,7,3,1,176.74,1.38,1,0
1601,Sobradinho II,1263.12,1,5,1,85.3,6.75,0,0
1602,Park Way,6596.65,7,6,1,345.86,1.0,0,0
1603,Sobradinho II,1439.45,6,6,1,108.98,1.26,1,1
1604,Sobradinho II,904.84,3,6,1,95.54,3.52,0,0
1605,Sobradinho II,1490.49,2,3,1,141.88,4.76,0,0
1606,Pirenópolis,1552.77,2,6,1,233.6,7.52,0,0
1607,Sobradinho II,1269.51,6,4,1,138.45,1.82,1,1
1608,Park Way,5789.0,8,5,1,329.07,1.0,0,0
1609,Plano Piloto,9924.48,4,6,1,288.56,1.0,0,0
1610,Ceilândia,1072.15,3,3,0,157.43,4.89,1,1
1611,Sobradinho II,1072.42,4,5,1,206.33,4.81,0,0
1612,Ceilândia,510.66,6,6,1,171.46,5.59,1,1
1613,Ceilândia,1193.4,6,2,1,137.45,1.92,1,1
1614,Sobradinho II,1896.23,6,6,1,176.15,1.55,0,0
1615,Samambaia,1731.93,3,7,1,120.9,2.33,0,0
1616,Samambaia,1181.15,7,4,1,99.06,1.2,0,0
1617,Sobradinho II,1231.38,9,5,0,202.91,1.83,1,1
1618,Park Way,9296.92,3,4,1,317.34,1.14,0,0
1619,Samambaia,1040.42,8,2,0,125.26,1.5,1,1
1620,Ceilândia,1272.43,7,2,0,151.27,1.7,1,1
1621,Sobradinho II,1614.5,9,7,1,142.41,1.0,0,0
1622,Sobradinho II,1743.54,10,4,1,139.54,1.0,0,0
1623,Park Way,8329.74,8,5,1,273.68,1.0,0,0
1624,Pirenópolis,1534.82,4,2,1,99.26,1.62,0,0
1625,Ceilândia,989.28,2,2,1,163.59,8.26,1,0
1626,Park Way,7094.3,9,6,1,259.25,1.0,0,0
1627,Pirenópolis,1527.53,3,7,1,125.33,2.73,0,0
1628,Ceilândia,1288.17,7,3,1,94.99,1.05,0,0
1629,Sobradinho II,1655.8,2,2,1,143.04,4.32,0,0
1630,Park Way,7134.6,2,5,1,430.88,3.02,0,0
1631,Ceilândia,1558.25,4,5,1,127.8,2.05,0,0
1632,Samambaia,1229.51,2,6,1,184.58,7.5,0,0
1633,Plano Piloto,8961.54,3,5,1,428.69,1.59,0,0
1634,Plano Piloto,7655.02,4,6,1,274.01,1.0,0,0
1635,Sobradinho II,721.21,4,2,1,86.52,3.0,1,0
1636,Pirenópolis,1882.89,4,2,1,155.94,2.07,1,0
1637,Plano Piloto,10326.32,5,2,1,421.43,1.0,0,0
1638,Sobradinho II,1321.23,4,2,1,134.79,2.55,0,0
1639,Park Way,8613.88,3,3,1,287.82,1.11,0,0
1640,Park Way,9377.1,7,7,1,338.06,1.0,0,0
1641,Sobradinho II,962.49,1,7,0,177.84,18.46,1,1
1642,Park Way,7600.61,8,3,1,304.85,1.0,0,0
1643,Sobradinho II,1622.39,3,2,1,174.74,3.59,1,0
1644,Park Way,6367.71,2,5,1,473.81,3.72,0,0
1645,Sobradinho II,1482.2,7,6,1,153.2,1.48,0,0
1646,Samambaia,947.29,5,7,1,121.66,2.57,1,1
1647,Plano Piloto,9839.57,3,4,1,346.94,1.18,0,0
1648,Ceilândia,1191.45,5,6,1,142.54,2.39,0,0
1649,Ceilândia,812.37,8,4,1,218.16,3.36,1,1
1650,Pirenópolis,1972.72,4,4,1,169.57,2.15,0,0
1651,Sobradinho II,1194.31,5,2,1,96.4,1.61,1,1
1652,Plano Piloto,7541.55,3,4,1,409.72,1.81,0,0
1653,Plano Piloto,9361.02,3,2,1,386.74,1.38,0,0
1654,Ceilândia,1475.67,5,3,1,215.76,2.92,0,0
1655,Pirenópolis,1274.94,1,5,1,174.65,13.69,0,0
1656,Sobradinho II,1417.27,3,4,1,68.7,1.62,0,0
1657,Park Way,9228.99,5,5,1,219.97,1.0,0,0
1658,Park Way,9678.28,2,2,1,373.76,1.93,0,0
1659,Ceilândia,1242.35,4,4,1,169.32,3.41,0,0
1660,Plano Piloto,8339.35,8,6,1,361.03,1.0,0,0
1661,Park Way,7093.1,4,3,1,372.41,1.31,0,0
1662,Samambaia,1322.4,4,7,0,181.93,3.44,0,1
1663,Ceilândia,942.69,3,3,1,124.04,4.38,0,0
1664,Sobradinho II,582.02,8,4,1,179.0,3.84,0,0
1665,Sobradinho II,1522.24,7,3,1,233.34,2.19,1,0
1666,Sobradinho II,1653.1,9,7,0,162.49,1.09,0,1
1667,Sobradinho II,738.38,4,6,1,164.39,5.56,0,0
1668,Sobradinho II,1117.28,4,5,0,164.46,3.68,0,1
1669,Sobradinho II,1573.36,5,6,1,175.87,2.24,0,0
1670,Park Way,11997.74,9,3,1,383.2,1.0,0,0
1671,Sobradinho II,1405.82,8,7,1,173.36,1.54,1,1
1672,Samambaia,1110.72,4,5,1,114.51,2.58,0,0
1673,Sobradinho II,1348.79,4,7,1,171.89,3.19,1,0
1674,Plano Piloto,11474.78,5,6,1,376.73,1.0,0,0
1675,Pirenópolis,1393.29,4,2,0,212.2,3.81,1,1
1676,Samambaia,1092.21,6,2,1,171.17,2.61,1,1
1677,Sobradinho II,1264.83,5,5,0,169.08,2.67,0,1
1678,Park Way,6879.34,3,5,1,378.93,1.84,0,0
1679,Samambaia,1331.89,6,5,1,123.09,1.54,0,0
1680,Samambaia,1722.42,5,2,1,85.4,1.0,0,0
1681,Samambaia,1384.0,11,6,1,138.68,1.0,1,1
1682,Park Way,8071.0,2,5,1,400.61,2.48,0,0
1683,Sobradinho II,1318.29,4,2,1,146.59,2.78,0,0
1684,Ceilândia,824.83,1,5,1,152.07,18.41,1,1
1685,Samambaia,1529.61,3,5,1,192.67,4.2,1,0
1686,Plano Piloto,8859.89,10,7,1,363.82,1.0,0,0
1687,Plano Piloto,8675.14,7,5,1,353.02,1.0,0,0
1688,Park Way,13928.28,7,2,1,256.9,1.0,0,0
1689,Ceilândia,1271.7,5,6,1,157.01,2.47,1,1
1690,Sobradinho II,1189.5,7,2,1,105.15,1.26,0,0
1691,Park Way,7775.19,7,2,1,468.28,1.0,0,0
1692,Pirenópolis,1967.5,4,5,1,163.12,2.07,1,0
1693,Plano Piloto,9203.89,1,7,1,302.12,3.28,0,0
1694,Sobradinho II,997.28,5,4,1,123.67,2.48,0,0
1695,Sobradinho II,1657.38,5,4,1,111.84,1.35,1,0
1696,Ceilândia,1039.65,1,4,1,130.54,12.54,1,1
1697,Park Way,11684.61,4,2,1,199.89,1.0,0,0
1698,Plano Piloto,10944.09,4,5,1,436.46,1.0,0,0
1699,Sobradinho II,1274.75,3,4,1,81.34,2.13,1,0
1700,Pirenópolis,2009.93,8,3,1,216.13,1.34,0,0
1701,Plano Piloto,9122.14,8,3,1,318.85,1.0,0,0
1702,Sobradinho II,1638.78,2,3,1,130.41,3.98,0,0
1703,Park Way,9324.05,5,6,1,334.37,1.0,0,0
1704,Sobradinho II,1163.02,4,5,0,42.87,1.0,0,1
1705,Sobradinho II,1219.81,4,2,1,174.91,3.58,1,0
1706,Samambaia,1567.79,5,2,0,117.68,1.5,0,1
1707,Park Way,7930.88,2,5,0,337.88,2.13,0,1
1708,Samambaia,1195.05,4,7,0,167.24,3.5,1,1
1709,Park Way,6876.29,7,7,1,364.21,1.0,0,0
1710,Ceilândia,1301.66,4,6,1,179.95,3.46,0,0
1711,Ceilândia,1695.01,12,5,1,256.65,1.26,0,0
1712,Plano Piloto,7078.44,4,7,1,418.3,1.48,0,0
1713,Pirenópolis,1607.75,1,6,1,150.63,9.36,1,0
1714,Pirenópolis,2051.91,1,4,1,134.56,6.55,1,0
1715,Park Way,8364.61,1,4,1,371.78,4.44,0,0
1716,Samambaia,1417.62,4,6,1,165.23,2.91,1,0
1717,Samambaia,1023.78,10,5,1,84.75,1.0,0,0
1718,Samambaia,1411.36,8,4,1,172.99,1.53,1,1
1719,Sobradinho II,1347.6,4,5,1,173.0,3.21,1,0
1720,Ceilândia,1436.58,3,7,1,163.86,3.8,0,0
1721,Samambaia,1608.72,3,4,1,151.12,3.13,0,0
1722,Sobradinho II,2125.08,8,7,1,126.17,1.0,1,0
1723,Sobradinho II,1562.3,4,5,1,154.84,2.48,0,0
1724,Ceilândia,1278.19,9,5,1,102.88,1.0,1,1
1725,Plano Piloto,9349.89,3,3,1,427.44,1.52,0,0
1726,Samambaia,1208.18,4,6,1,99.52,2.06,0,0
1727,Sobradinho II,1494.78,5,2,1,236.9,3.17,1,1
1728,Ceilândia,1129.1,3,6,1,189.66,5.6,0,0
1729,Sobradinho II,1447.17,4,5,1,165.59,2.86,1,0
1730,Sobradinho II,1768.93,3,5,1,163.94,3.09,0,0
1731,Sobradinho II,1118.17,6,6,1,130.58,1.95,0,0
1732,Samambaia,1596.37,5,5,0,152.82,1.91,0,1
1733,Ceilândia,1516.11,6,7,1,57.09,1.0,1,0
1734,Plano Piloto,8787.48,4,4,1,234.89,1.0,0,0
1735,Park Way,4892.85,4,5,1,491.86,2.51,0,0
1736,Samambaia,1141.97,2,6,1,157.92,6.91,0,0
1737,Park Way,10704.89,1,6,1,392.27,3.66,0,0
1738,Samambaia,1294.05,10,6,1,94.07,1.0,1,1
1739,Pirenópolis,1280.22,5,3,1,199.21,3.11,0,0
1740,Park Way,7641.88,4,7,1,278.46,1.0,0,0
1741,Pirenópolis,1869.0,6,7,1,217.89,1.94,1,0
1742,Park Way,9429.45,4,3,1,336.33,1.0,0,0
1743,Ceilândia,1142.66,5,7,1,130.99,2.29,0,0
1744,Plano Piloto,8339.72,5,3,0,425.97,1.02,0,1
1745,Sobradinho II,1290.31,2,7,0,130.7,5.06,0,1
1746,Samambaia,1060.17,6,3,0,154.65,2.43,0,1
1747,Park Way,11246.14,2,3,1,404.45,1.8,0,0
1748,Plano Piloto,8419.82,2,7,1,404.3,2.4,1,0
1749,Samambaia,1616.46,5,3,1,122.98,1.52,1,0
1750,Ceilândia,1565.12,8,7,1,169.04,1.35,1,0
1751,Sobradinho II,1679.53,10,3,1,243.6,1.45,0,0
1752,Samambaia,1187.78,4,6,1,127.84,2.69,0,0
1753,Ceilândia,1296.9,7,2,1,165.9,1.83,1,1
1754,Park Way,8458.87,3,7,1,321.42,1.27,0,0
1755,Sobradinho II,1146.96,7,3,1,133.57,1.66,0,0
1756,Ceilândia,1277.85,5,6,1,162.76,2.55,0,0
1757,Ceilândia,917.03,3,2,1,98.06,3.56,0,0
1758,Plano Piloto,11137.82,2,3,1,321.33,1.44,0,0
1759,Samambaia,1179.2,6,2,1,172.0,2.43,1,1
1760,Ceilândia,1248.28,1,7,1,175.52,14.05,0,0
1761,Sobradinho II,1479.32,5,2,1,128.42,1.74,0,0
1762,Park Way,8059.86,4,4,1,232.97,1.0,0,0
1763,Sobradinho II,1564.27,5,5,1,111.41,1.42,1,0
1764,Ceilândia,1086.02,2,4,0,140.6,6.47,0,1
1765,Sobradinho II,1643.96,1,7,1,122.72,7.46,1,0
1766,Plano Piloto,6577.24,4,7,1,344.59,1.31,0,0
1767,Ceilândia,1230.33,6,2,1,69.22,1.0,1,1
1768,Samambaia,1804.12,3,6,0,126.75,2.34,0,1
1769,Park Way,6799.44,9,3,1,377.61,1.0,0,0
1770,Samambaia,1123.79,4,5,1,198.84,4.42,1,0
1771,Sobradinho II,1543.89,7,3,1,151.56,1.4,1,0
1772,Samambaia,1346.69,1,6,1,162.48,12.06,0,0
1773,Sobradinho II,1498.18,3,7,1,67.12,1.49,1,0
1774,Park Way,9331.62,7,5,1,325.76,1.0,0,0
1775,Ceilândia,1352.33,3,4,1,96.05,2.37,0,0
1776,Sobradinho II,1710.72,6,7,1,113.82,1.11,0,0
1777,Sobradinho II,1514.75,4,7,1,124.96,2.06,0,0
1778,Ceilândia,1142.1,3,2,1,82.14,2.4,0,0
1779,Ceilândia,1361.42,4,6,1,88.84,1.63,1,0
1780,Ceilândia,1655.97,2,2,1,189.3,5.71,0,0
1781,Ceilândia,1168.17,4,2,1,163.76,3.5,0,0
1782,Plano Piloto,7245.85,3,3,1,318.29,1.46,0,0
1783,Park Way,10382.04,16,7,1,441.38,1.0,0,0
1784,Park Way,8295.35,3,6,1,415.98,1.67,0,0
1785,Sobradinho II,791.65,4,2,1,97.16,3.07,0,0
1786,Samambaia,1520.33,8,4,1,94.48,1.0,1,0
1787,Plano Piloto,8036.41,4,5,1,366.73,1.14,0,0
1788,Pirenópolis,1571.03,4,6,1,152.83,2.43,1,0
1789,Pirenópolis,1706.23,3,3,1,118.86,2.32,0,0
1790,Samambaia,1349.53,3,6,1,152.36,3.76,1,0
1791,Sobradinho II,1598.65,6,7,1,185.23,1.93,0,0
1792,Plano Piloto,8216.12,6,3,1,339.91,1.0,0,0
1793,Plano Piloto,9923.59,2,5,1,340.43,1.72,0,0
1794,Ceilândia,1137.71,2,4,1,132.19,5.81,0,0
1795,Sobradinho II,1606.87,4,2,1,143.0,2.22,0,0
1796,Samambaia,1460.0,6,6,1,210.64,2.4,0,0
1797,Samambaia,1056.79,5,3,1,157.39,2.98,0,0
1798,Plano Piloto,10954.77,2,5,1,469.48,2.14,0,0
1799,Ceilândia,1071.37,5,2,0,105.76,1.97,0,1
1800,Samambaia,1510.1,2,5,1,143.55,4.75,1,0
1801,Ceilândia,1288.15,3,4,1,153.25,3.96,1,0
1802,Sobradinho II,1914.69,11,2,0,142.41,1.0,0,1
1803,Plano Piloto,8597.76,4,2,1,419.47,1.22,0,0
1804,Ceilândia,1116.16,3,2,1,90.23,2.69,0,0
1805,Pirenópolis,1593.79,5,3,1,142.49,1.79,0,0
1806,Ceilândia,1127.24,5,2,1,134.75,2.39,1,1
1807,Samambaia,1507.98,2,5,1,147.84,4.9,0,0
1808,Samambaia,879.76,4,3,1,101.53,2.88,1,0
1809,Pirenópolis,1262.82,7,2,1,173.87,1.97,1,1
1810,Sobradinho II,1101.02,5,5,1,171.91,3.12,1,1
1811,Samambaia,1547.08,7,5,1,131.12,1.21,1,0
1812,Samambaia,1744.76,2,6,1,157.49,4.51,0,0
1813,Sobradinho II,1370.75,9,5,0,157.95,1.28,1,1
1814,Samambaia,1256.11,3,7,1,179.68,4.77,1,0
1815,Samambaia,1318.21,14,4,0,138.46,1.0,0,1
1816,Plano Piloto,11091.38,2,2,1,307.57,1.39,0,0
1817,Plano Piloto,7330.76,1,2,1,240.68,3.28,0,0
1818,Park Way,8905.23,9,2,1,418.12,1.0,0,0
1819,Sobradinho II,1673.06,9,5,1,146.48,1.0,1,0
1820,Park Way,9351.86,6,5,1,398.27,1.0,0,0
1821,Samambaia,1349.29,3,2,1,152.91,3.78,0,0
1822,Sobradinho II,1680.29,5,7,1,179.9,2.14,1,0
1823,Park Way,3904.51,2,3,1,423.74,5.43,0,0
1824,Park Way,9652.39,3,3,1,322.78,1.11,0,0
1825,Plano Piloto,7822.66,8,4,1,254.38,1.0,0,0
1826,Samambaia,824.04,2,6,1,121.31,7.36,1,0
1827,Park Way,9369.04,2,4,1,295.72,1.58,0,0
1828,Park Way,10835.22,5,2,1,234.45,1.0,0,0
1829,Ceilândia,1167.01,2,2,0,147.01,6.3,1,1
1830,Pirenópolis,1904.92,7,2,1,149.79,1.12,0,0
1831,Sobradinho II,1851.44,2,6,1,138.38,3.74,1,0
1832,Pirenópolis,2020.77,3,5,1,121.03,2.0,0,0
1833,Sobradinho II,1859.19,4,6,1,139.5,1.88,1,0
1834,Sobradinho II,1607.8,5,4,1,109.47,1.36,0,0
1835,Pirenópolis,1624.14,7,5,0,165.21,1.45,1,1
1836,Pirenópolis,1087.37,13,5,1,225.77,1.6,0,0
1837,Samambaia,1236.02,5,4,1,69.56,1.13,1,1
1838,Park Way,7066.48,3,5,1,387.5,1.83,0,0
1839,Plano Piloto,12907.7,3,3,1,273.44,1.0,0,0
1840,Ceilândia,1157.79,6,4,1,100.19,1.44,0,0
1841,Sobradinho II,1434.5,5,4,1,145.27,2.03,0,0
1842,Ceilândia,1332.36,2,3,1,111.86,4.2,0,0
1843,Sobradinho II,1412.21,3,6,1,171.25,4.04,0,0
1844,Samambaia,1740.71,4,6,1,202.77,2.91,1,0
1845,Sobradinho II,1225.66,7,6,1,213.14,2.48,0,0
1846,Pirenópolis,1662.27,7,5,1,123.36,1.06,1,0
1847,Sobradinho II,1192.11,3,3,1,110.02,3.08,0,0
1848,Samambaia,956.79,8,4,0,167.25,2.18,0,1
1849,Plano Piloto,7898.82,1,4,1,337.26,4.27,0,0
1850,Plano Piloto,8933.33,6,4,1,261.45,1.0,0,0
1851,Sobradinho II,1279.8,2,5,0,111.88,4.37,0,1
1852,Ceilândia,1033.82,8,5,1,232.59,2.81,1,1
1853,Sobradinho II,1006.23,3,7,1,148.29,4.91,1,0
1854,Samambaia,1278.39,7,6,1,107.75,1.2,0,0
1855,Sobradinho II,978.68,2,7,1,211.73,10.81,1,1
1856,Sobradinho II,1612.82,2,7,1,94.33,2.92,0,0
1857,Sobradinho II,1423.08,11,5,1,170.77,1.09,0,0
1858,Pirenópolis,1133.58,4,6,1,160.35,3.54,0,0
1859,Plano Piloto,8443.42,6,6,1,263.6,1.0,0,0
1860,Sobradinho II,1189.4,3,4,1,151.86,4.25,0,0
1861,Ceilândia,1276.6,2,5,1,158.02,6.19,0,0
1862,Pirenópolis,2028.94,10,6,1,142.53,1.0,1,0
1863,Plano Piloto,5624.69,4,7,1,418.76,1.86,0,0
1864,Pirenópolis,1636.81,2,3,1,294.55,8.99,0,0
1865,Pirenópolis,1548.76,6,3,1,191.58,2.06,1,0
1866,Plano Piloto,10208.41,5,5,1,492.47,1.0,0,0
1867,Sobradinho II,1459.7,7,4,1,199.02,1.95,1,1
1868,Sobradinho II,1189.45,5,4,1,96.34,1.62,0,0
1869,Samambaia,1217.05,7,6,1,126.95,1.49,0,0
1870,Samambaia,1093.03,1,5,1,152.76,13.96,1,1
1871,Park Way,10329.21,5,3,1,465.33,1.0,0,0
1872,Park Way,8536.23,2,7,1,339.82,1.99,0,0
1873,Ceilândia,1656.29,8,6,1,136.88,1.03,0,0
1874,Pirenópolis,1580.59,4,7,1,172.72,2.73,0,0
1875,Sobradinho II,1201.65,9,6,1,163.13,1.51,0,0
1876,Sobradinho II,976.16,4,2,1,63.52,1.63,1,0
1877,Ceilândia,767.25,5,7,1,157.68,4.11,1,1
1878,Ceilândia,819.81,2,5,0,207.54,12.65,0,1
1879,Sobradinho II,1474.8,7,7,1,104.23,1.01,0,0
1880,Sobradinho II,1542.44,6,7,1,183.1,1.98,1,0
1881,Sobradinho II,957.27,4,6,1,96.02,2.51,0,0
1882,Ceilândia,1414.81,9,3,1,222.56,1.75,0,0
1883,Sobradinho II,1264.74,1,2,1,124.01,9.8,0,0
1884,Sobradinho II,1441.1,3,7,1,183.73,4.25,1,0
1885,Ceilândia,1586.93,11,3,1,134.16,1.0,1,0
1886,Sobradinho II,1651.12,3,4,1,87.8,1.77,0,0
1887,Ceilândia,1135.55,2,2,1,153.63,6.76,0,0
1888,Sobradinho II,1150.47,4,2,1,85.66,1.86,0,0
1889,Sobradinho II,797.49,9,6,1,81.13,1.13,0,0
1890,Sobradinho II,1198.64,8,7,1,110.44,1.15,1,1
1891,Ceilândia,1149.33,9,4,0,103.3,1.0,1,1
1892,Samambaia,1043.33,11,6,0,182.2,1.59,0,1
1893,Samambaia,1265.87,8,5,0,148.3,1.46,1,1
1894,Park Way,8630.65,3,3,1,339.65,1.31,0,0
1895,Ceilândia,1146.03,11,3,1,98.08,1.0,1,1
1896,Sobradinho II,1218.0,3,6,1,133.58,3.65,1,0
1897,Park Way,8786.71,2,3,1,500.78,2.85,0,0
1898,Samambaia,1414.9,2,7,0,155.86,5.51,1,1
1899,Sobradinho II,1094.69,2,3,1,122.89,5.61,1,0
1900,Sobradinho II,1795.06,7,7,1,66.09,1.0,1,0
1901,Sobradinho II,1372.4,6,5,1,219.46,2.66,0,0
1902,Sobradinho II,1405.28,8,4,1,134.03,1.19,0,0
1903,Sobradinho II,1598.3,5,2,1,170.6,2.13,1,0
1904,Plano Piloto,9419.79,7,6,1,285.28,1.0,0,0
1905,Pirenópolis,1905.0,2,6,1,150.19,3.94,1,0
1906,Samambaia,1374.65,10,7,1,179.98,1.31,0,0
1907,Samambaia,1140.77,3,5,0,174.93,5.11,0,1
1908,Park Way,9114.56,2,5,1,442.42,2.43,0,0
1909,Park Way,6555.67,6,2,1,436.05,1.11,0,0
1910,Park Way,8684.55,2,4,1,276.22,1.59,0,0
1911,Plano Piloto,8940.19,4,6,1,400.87,1.12,0,0
1912,Park Way,8146.2,2,7,1,469.56,2.88,0,0
1913,Ceilândia,1169.15,5,5,1,184.84,3.16,0,0
1914,Pirenópolis,997.81,2,6,1,95.2,4.77,0,0
1915,Plano Piloto,8012.3,8,7,1,213.92,1.0,0,0
1916,Pirenópolis,1629.71,7,3,1,123.7,1.08,0,0
1917,Park Way,8771.76,3,6,1,324.4,1.23,0,0
1918,Samambaia,1032.8,5,4,0,76.78,1.49,0,1
1919,Ceilândia,1503.77,5,7,1,92.41,1.23,0,0
1920,Sobradinho II,1157.47,9,4,1,176.01,1.69,0,0
1921,Samambaia,1552.06,12,6,1,109.23,1.0,1,0
1922,Pirenópolis,1736.7,6,3,1,79.68,1.0,1,0
1923,Samambaia,1131.98,6,4,1,146.84,2.16,1,1
1924,Ceilândia,1626.07,4,5,1,151.31,2.33,1,0
1925,Pirenópolis,1218.04,3,7,1,97.55,2.67,0,0
1926,Sobradinho II,1657.36,3,6,0,61.58,1.24,0,1
1927,Park Way,10200.99,6,3,1,408.38,1.0,1,0
1928,Plano Piloto,7792.88,2,5,1,251.31,1.61,0,0
1929,Ceilândia,1534.19,4,6,1,120.82,1.97,0,0
1930,Park Way,8074.92,2,3,1,278.28,1.72,0,0
1931,Sobradinho II,1480.83,6,5,1,145.0,1.63,0,0
1932,Samambaia,1367.68,11,4,1,117.32,1.0,1,1
1933,Samambaia,1265.08,3,6,1,163.88,4.32,1,0
1934,Plano Piloto,10459.45,5,6,1,268.01,1.0,0,0
1935,Sobradinho II,1622.18,4,4,1,209.2,3.22,0,0
1936,Park Way,5527.5,3,2,1,191.65,1.16,0,0
1937,Sobradinho II,1765.22,4,5,1,193.27,2.74,1,0
1938,Samambaia,867.75,6,4,0,195.39,3.75,0,1
1939,Sobradinho II,1689.11,7,6,1,123.65,1.05,1,0
1940,Plano Piloto,11028.07,1,5,1,279.93,2.54,0,0
1941,Park Way,6645.36,3,5,1,322.31,1.62,0,0
1942,Plano Piloto,8260.53,1,2,1,353.67,4.28,0,0
1943,Ceilândia,934.63,4,6,0,145.74,3.9,0,1
1944,Samambaia,1244.12,1,3,1,226.9,18.22,0,0
1945,Sobradinho II,1313.75,8,2,0,139.42,1.33,1,1
1946,Sobradinho II,1618.3,4,2,1,146.01,2.26,0,0
1947,Sobradinho II,1766.89,9,3,1,129.26,1.0,1,0
1948,Samambaia,1662.88,4,3,0,135.57,2.04,0,1
1949,Samambaia,1153.84,3,2,1,146.93,4.24,1,0
1950,Plano Piloto,8623.4,6,5,1,311.07,1.0,0,0
1951,Ceilândia,795.97,9,4,1,104.98,1.47,1,1
1952,Ceilândia,1006.59,3,4,1,148.72,4.92,1,0
1953,Sobradinho II,1670.16,4,2,1,124.93,1.87,0,0
1954,Samambaia,1720.05,1,5,1,92.92,5.4,0,0
1955,Pirenópolis,1205.01,3,3,1,233.02,6.44,1,0
1956,Park Way,7492.81,3,7,1,421.61,1.88,0,0
1957,Plano Piloto,8952.47,4,2,1,317.41,1.0,0,0
1958,Sobradinho II,1478.45,5,6,0,146.8,1.99,1,1
1959,Sobradinho II,1173.31,3,5,1,91.35,2.59,1,0
1960,Ceilândia,1301.77,4,6,1,85.39,1.64,0,0
1961,Sobradinho II,1267.32,9,6,1,147.54,1.29,1,1
1962,Ceilândia,1196.53,7,2,1,136.6,1.63,1,1
1963,Sobradinho II,1552.96,1,5,1,126.57,8.15,0,0
1964,Park Way,8510.92,4,6,1,372.67,1.09,0,0
1965,Park Way,7758.14,3,5,1,333.1,1.43,0,0
1966,Park Way,8313.66,6,4,1,286.18,1.0,0,0
1967,Ceilândia,1178.79,4,7,1,90.5,1.92,0,0
1968,Park Way,7870.98,4,6,1,428.8,1.36,1,0
1969,Plano Piloto,8534.17,6,6,1,298.24,1.0,0,0
1970,Pirenópolis,2111.57,1,5,1,152.61,7.22,1,0
1971,Ceilândia,1334.62,1,7,1,137.72,10.31,0,0
1972,Samambaia,1223.18,5,4,1,107.36,1.76,1,1
1973,Ceilândia,1367.27,10,6,1,224.86,1.64,1,1
1974,Sobradinho II,1306.53,4,2,1,141.07,2.7,1,0
1975,Sobradinho II,1728.47,4,5,1,156.03,2.26,0,0
1976,Park Way,9128.39,4,5,1,492.28,1.35,0,0
1977,Plano Piloto,8806.86,7,6,1,332.07,1.0,0,0
1978,Sobradinho II,1525.36,2,4,1,104.65,3.43,0,0
1979,Pirenópolis,1097.32,4,6,1,191.42,4.36,0,0
1980,Plano Piloto,6971.82,3,3,1,404.62,1.93,0,0
1981,Park Way,6470.33,4,6,1,314.38,1.21,0,0
1982,Ceilândia,1234.31,5,7,0,167.86,2.72,0,1
1983,Sobradinho II,1885.1,3,7,0,99.34,1.76,0,1
1984,Sobradinho II,2024.76,6,3,1,197.93,1.63,0,0
1985,Ceilândia,1353.13,4,7,1,84.45,1.56,1,0
1986,Pirenópolis,1760.27,9,7,1,116.77,1.0,0,0
1987,Ceilândia,767.75,3,2,1,109.19,4.74,0,0
1988,Pirenópolis,1426.34,4,5,1,159.88,2.8,0,0
1989,Sobradinho II,1179.42,7,7,1,98.72,1.2,1,1
1990,Samambaia,1138.58,4,5,1,129.05,2.83,0,0
1991,Ceilândia,1159.65,7,4,1,152.07,1.87,1,1
1992,Ceilândia,1086.7,10,6,1,125.0,1.15,1,1
1993,Park Way,5135.19,6,2,1,353.06,1.15,0,0
1994,Plano Piloto,10346.24,7,3,1,324.97,1.0,0,0
1995,Park Way,6676.34,5,4,1,288.37,1.0,0,0
1996,Sobradinho II,1466.99,4,2,1,96.19,1.64,1,0
1997,Samambaia,1839.26,1,2,1,155.52,8.45,0,0
1998,Sobradinho II,1142.57,3,3,1,75.71,2.21,0,0
1999,Samambaia,642.13,4,3,0,88.33,3.44,0,1
2000,Pirenópolis,1508.48,4,5,1,191.7,3.18,0,0
2001,Sobradinho II,1708.27,3,6,0,208.6,4.07,1,1
2002,Plano Piloto,12525.03,7,4,1,349.77,1.0,0,0
2003,Samambaia,980.32,5,6,1,148.92,3.04,0,0
2004,Ceilândia,1319.21,1,4,1,116.89,8.85,0,0
2005,Samambaia,1179.02,6,2,1,113.62,1.61,0,0
2006,Ceilândia,1174.57,6,7,1,192.49,2.73,0,0
2007,Ceilândia,1834.64,5,7,1,76.71,1.0,0,0
2008,Samambaia,909.23,4,3,1,154.83,4.26,1,0
2009,Sobradinho II,1471.05,5,3,0,225.29,3.06,1,1
2010,Pirenópolis,1749.66,4,2,1,153.98,2.2,1,0
2011,Sobradinho II,1704.02,8,2,1,222.3,1.63,1,0
2012,Samambaia,1325.48,4,4,1,158.08,2.98,0,0
2013,Samambaia,1380.09,6,2,1,59.78,1.0,0,0
2014,Sobradinho II,1290.34,2,4,1,166.39,6.44,0,0
2015,Ceilândia,1264.59,5,6,1,195.12,3.09,1,1
2016,Samambaia,1210.77,3,3,1,177.88,4.9,1,0
2017,Sobradinho II,1574.04,7,3,1,132.81,1.21,0,0
2018,Plano Piloto,8334.7,2,7,1,448.76,2.69,0,0
2019,Samambaia,1398.05,1,7,1,88.32,6.31,0,0
2020,Sobradinho II,1391.81,4,3,0,128.6,2.31,0,1
2021,Ceilândia,1470.25,8,6,1,108.65,1.0,0,0
2022,Park Way,8412.63,3,6,1,411.14,1.63,0,0
2023,Samambaia,839.01,5,5,0,116.52,2.78,0,1
2024,Samambaia,1628.1,2,4,1,113.76,3.49,1,0
2025,Samambaia,1064.51,9,7,1,168.09,1.75,0,0
2026,Pirenópolis,1390.79,4,4,1,95.91,1.72,1,0
2027,Samambaia,1145.13,7,7,1,131.56,1.64,0,0
2028,Samambaia,1657.35,5,5,0,172.01,2.08,0,1
2029,Park Way,4869.35,5,3,1,463.84,1.91,0,0
2030,Samambaia,2115.81,5,4,0,180.57,1.71,1,1
2031,Sobradinho II,1695.7,6,7,1,172.79,1.7,1,0
2032,Plano Piloto,9401.83,3,4,1,342.17,1.21,0,0
2033,Sobradinho II,1384.63,2,3,1,167.0,6.03,1,0
2034,Sobradinho II,1479.96,1,2,1,116.58,7.87,1,0
2035,Sobradinho II,1545.91,6,7,1,163.5,1.76,1,0
2036,Ceilândia,1354.85,4,2,0,101.16,1.87,1,1
2037,Park Way,9444.53,3,5,1,366.39,1.29,0,0
2038,Ceilândia,1221.5,5,6,1,218.51,3.58,0,0
2039,Sobradinho II,1344.75,3,4,1,112.34,2.78,0,0
2040,Park Way,8242.84,9,7,1,232.68,1.0,0,0
2041,Plano Piloto,8649.17,2,4,1,349.78,2.02,0,0
2042,Ceilândia,1472.1,3,5,0,140.11,3.17,0,1
2043,Park Way,9509.05,11,5,1,375.48,1.0,1,0
2044,Ceilândia,494.31,1,4,1,133.16,26.88,1,1
2045,Samambaia,1470.53,4,7,1,115.15,1.96,1,0
2046,Ceilândia,1246.74,4,3,1,163.77,3.28,0,0
2047,Sobradinho II,1394.76,4,3,1,70.5,1.26,0,0
2048,Sobradinho II,1291.21,6,6,1,213.55,2.76,1,1
2049,Samambaia,1592.27,3,4,1,152.78,3.2,0,0
2050,Sobradinho II,1665.31,4,4,0,177.0,2.66,0,1
2051,Samambaia,1099.05,2,7,0,191.09,8.69,0,1
2052,Plano Piloto,9732.69,6,4,1,217.71,1.0,0,0
2053,Samambaia,1047.37,2,7,1,50.57,2.41,1,0
2054,Ceilândia,868.89,2,4,0,189.25,10.88,0,1
2055,Samambaia,1137.05,3,5,1,138.59,4.06,1,0
2056,Park Way,9966.07,9,2,1,188.86,1.0,0,0
2057,Ceilândia,1428.75,1,4,1,138.87,9.71,0,0
2058,Pirenópolis,1764.19,3,2,1,141.41,2.67,0,0
2059,Pirenópolis,1832.03,5,3,1,187.23,2.04,0,0
2060,Ceilândia,1323.88,4,6,0,159.13,3.0,1,1
2061,Samambaia,1133.21,2,3,1,100.86,4.45,0,0
2062,Samambaia,1412.3,6,4,1,206.4,2.44,1,1
2063,Ceilândia,1392.1,5,7,1,188.58,2.71,1,1
2064,Pirenópolis,1841.37,4,3,1,140.92,1.91,1,0
2065,Pirenópolis,1980.45,5,5,1,181.39,1.83,0,0
2066,Ceilândia,1369.99,5,2,1,128.39,1.87,1,1
2067,Sobradinho II,1498.41,6,7,1,50.61,1.0,0,0
2068,Sobradinho II,1699.64,4,7,1,141.96,2.09,1,0
2069,Park Way,8454.91,8,4,1,425.37,1.0,0,0
2070,Park Way,7000.81,2,5,1,245.99,1.76,0,0
2071,Park Way,8222.79,6,2,1,234.24,1.0,0,0
2072,Sobradinho II,1191.43,11,5,0,96.95,1.0,0,1
2073,Sobradinho II,1210.95,13,3,1,101.72,1.0,1,1
2074,Sobradinho II,1359.53,3,4,1,234.16,5.74,1,0
2075,Samambaia,1093.97,3,7,1,105.37,3.21,0,0
2076,Pirenópolis,1501.45,13,7,1,128.35,1.0,0,0
2077,Park Way,5280.86,4,3,1,410.66,1.94,0,0
2078,Ceilândia,1251.19,4,7,1,145.31,2.9,1,0
2079,Sobradinho II,1400.34,5,6,1,98.69,1.41,0,0
2080,Samambaia,1087.56,8,4,1,137.34,1.58,0,0
2081,Ceilândia,1358.22,10,3,1,168.31,1.24,0,0
2082,Sobradinho II,1662.52,5,4,1,168.57,2.03,1,0
2083,Pirenópolis,1085.58,6,2,1,157.17,2.41,0,0
2084,Samambaia,1101.69,2,4,1,118.74,5.39,0,0
2085,Samambaia,1100.02,5,4,1,140.64,2.56,0,0
2086,Pirenópolis,1299.23,1,2,1,115.5,8.88,0,0
2087,Ceilândia,1399.07,2,3,1,170.62,6.1,0,0
2088,Sobradinho II,1345.73,5,4,1,157.8,2.34,1,1
2089,Samambaia,1231.23,3,5,1,200.99,5.44,1,0
2090,Sobradinho II,838.92,6,4,1,119.88,2.38,0,0
2091,Samambaia,1465.21,14,3,1,46.38,1.0,1,1
2092,Ceilândia,902.58,7,7,1,134.1,2.12,1,1
2093,Ceilândia,1214.38,5,2,1,157.52,2.59,0,0
2094,Plano Piloto,9499.28,10,7,1,277.13,1.0,0,0
2095,Sobradinho II,1780.98,5,3,1,153.2,1.72,1,0
2096,Sobradinho II,1033.53,3,6,1,212.84,6.86,0,0
2097,Sobradinho II,554.54,11,7,0,88.58,1.45,1,1
2098,Sobradinho II,1451.48,7,4,0,115.86,1.14,0,1
2099,Ceilândia,1632.12,7,4,1,221.59,1.94,1,0
2100,Park Way,10606.21,3,2,1,436.92,1.37,0,0
2101,Sobradinho II,1458.7,9,4,1,181.62,1.38,0,0
2102,Samambaia,1172.17,5,5,1,106.59,1.82,0,0
2103,Samambaia,1509.85,7,5,1,136.31,1.29,0,0
2104,Samambaia,1046.88,3,7,0,110.19,3.51,1,1
2105,Samambaia,1423.85,4,3,1,128.54,2.26,0,0
2106,Sobradinho II,1541.53,4,2,1,151.32,2.45,0,0
2107,Park Way,10302.36,8,6,1,289.98,1.0,0,0
2108,Ceilândia,1862.32,4,7,1,115.15,1.55,1,0
2109,Ceilândia,1294.18,5,3,0,185.21,2.86,0,1
2110,Sobradinho II,1257.49,3,2,1,147.26,3.9,1,0
2111,Samambaia,1293.35,4,2,1,156.56,3.03,0,0
2112,Sobradinho II,904.66,1,7,1,169.23,18.69,0,0
2113,Sobradinho II,1205.48,1,3,0,89.88,7.45,1,1
2114,Plano Piloto,8263.29,8,3,1,403.0,1.0,0,0
2115,Plano Piloto,8056.64,1,4,1,229.33,2.85,0,0
2116,Plano Piloto,9274.24,4,6,1,416.06,1.12,0,0
2117,Sobradinho II,1169.72,3,5,0,180.53,5.14,1,1
2118,Samambaia,1591.47,2,4,1,196.42,6.17,0,0
2119,Park Way,8500.35,7,2,1,260.72,1.0,0,0
2120,Sobradinho II,1397.4,4,6,1,198.72,3.55,1,0
2121,Samambaia,1214.75,2,6,1,159.58,6.57,0,0
2122,Samambaia,1340.35,3,3,1,172.26,4.28,0,0
2123,Samambaia,1514.53,3,6,1,96.57,2.12,1,0
2124,Samambaia,1074.55,9,7,1,132.14,1.37,0,0
2125,Ceilândia,1042.05,6,6,1,80.59,1.29,1,1
2126,Plano Piloto,8453.29,5,2,1,526.47,1.25,0,0
2127,Sobradinho II,1023.16,8,7,1,194.57,2.38,1,1
2128,Pirenópolis,1337.84,4,7,1,180.92,3.38,0,0
2129,Park Way,7690.42,4,4,1,337.06,1.1,0,0
2130,Park Way,9986.46,6,6,1,307.38,1.0,0,0
2131,Ceilândia,1263.01,4,3,0,140.32,2.78,0,1
2132,Pirenópolis,1661.95,5,4,1,175.21,2.11,1,0
2133,Sobradinho II,1638.25,5,3,1,126.21,1.54,0,0
2134,Sobradinho II,1361.54,3,6,1,174.59,4.27,0,0
2135,Ceilândia,1293.71,12,4,1,151.55,1.0,1,1
2136,Sobradinho II,1371.1,6,6,1,136.26,1.66,1,1
2137,Samambaia,1368.99,4,2,1,52.67,1.0,1,0
2138,Pirenópolis,1413.52,1,4,1,251.59,17.79,0,0
2139,Pirenópolis,819.58,3,3,1,221.35,9.0,0,0
2140,Plano Piloto,8758.3,8,2,1,355.96,1.0,0,0
2141,Samambaia,1669.91,7,5,1,97.58,1.0,0,0
2142,Park Way,10074.57,2,3,1,337.15,1.67,0,0
2143,Ceilândia,1431.7,8,6,1,233.58,2.04,0,0
2144,Plano Piloto,11225.04,1,3,1,316.58,2.82,0,0
2145,Park Way,8650.72,5,5,1,347.29,1.0,0,0
2146,Samambaia,1351.3,5,3,1,102.17,1.51,0,0
2147,Ceilândia,1051.76,3,2,1,134.65,4.27,1,0
2148,Ceilândia,1124.14,7,7,1,191.09,2.43,1,1
2149,Samambaia,1460.1,2,3,1,52.26,1.79,0,0
2150,Samambaia,1613.01,3,4,1,137.79,2.85,1,0
2151,Ceilândia,1166.53,6,5,1,65.88,1.0,1,1
2152,Samambaia,1182.95,9,3,0,183.92,1.73,0,1
2153,Ceilândia,1200.13,2,5,1,60.22,2.51,0,0
2154,Ceilândia,1344.29,10,7,1,126.67,1.0,1,1
2155,Ceilândia,853.47,8,2,1,116.29,1.7,1,1
2156,Ceilândia,648.92,5,4,0,130.25,4.01,1,1
2157,Sobradinho II,1245.85,3,6,1,131.16,3.51,0,0
2158,Samambaia,982.61,11,3,1,117.14,1.08,1,1
2159,Samambaia,1167.88,8,2,1,206.91,2.21,1,1
2160,Sobradinho II,1358.62,12,5,1,104.39,1.0,0,0
2161,Samambaia,1182.16,2,7,1,95.72,4.05,0,0
2162,Sobradinho II,1806.69,7,5,1,136.35,1.08,0,0
2163,Park Way,9055.47,3,7,1,319.4,1.18,0,0
2164,Ceilândia,1272.11,5,7,1,182.12,2.86,1,1
2165,Sobradinho II,1574.22,4,2,1,153.88,2.44,0,0
2166,Samambaia,1003.9,5,3,1,68.74,1.37,1,1
2167,Samambaia,1570.17,3,6,1,164.61,3.49,0,0
2168,Plano Piloto,8863.62,8,3,1,351.6,1.0,0,0
2169,Sobradinho II,1587.73,1,4,0,108.11,6.8,1,1
2170,Park Way,6677.84,4,3,1,416.5,1.56,0,0
2171,Ceilândia,827.1,11,7,0,146.65,1.61,0,1
2172,Samambaia,1512.65,8,7,1,149.53,1.24,1,0
2173,Ceilândia,1290.34,8,4,1,210.37,2.04,1,1
2174,Park Way,6966.51,3,5,1,410.09,1.96,0,0
2175,Ceilândia,991.28,13,7,1,123.12,1.0,1,1
2176,Plano Piloto,11025.78,2,4,1,248.34,1.13,0,0
2177,Ceilândia,914.54,9,7,1,120.73,1.47,1,1
2178,Sobradinho II,1859.95,6,6,1,131.31,1.18,0,0
2179,Ceilândia,983.85,4,7,1,104.44,2.65,0,0
2180,Plano Piloto,10149.11,4,2,1,279.87,1.0,0,0
2181,Samambaia,1214.56,6,4,1,158.16,2.17,0,0
2182,Park Way,9525.42,3,3,1,422.71,1.48,0,0
2183,Ceilândia,1069.41,4,4,0,132.03,3.09,0,1
2184,Samambaia,1257.67,6,5,1,148.15,1.96,1,1
2185,Sobradinho II,1411.46,4,7,1,93.98,1.66,1,0
2186,Samambaia,1039.43,4,4,1,97.24,2.34,0,0
2187,Ceilândia,1377.8,5,6,0,174.19,2.53,0,1
2188,Sobradinho II,1256.3,3,4,1,183.93,4.88,1,0
2189,Park Way,8111.38,4,6,1,316.63,1.0,0,0
2190,Ceilândia,961.36,8,7,1,221.58,2.88,0,0
2191,Sobradinho II,682.55,2,3,1,177.64,13.0,0,0
2192,Plano Piloto,8656.15,3,7,1,412.81,1.59,0,0
2193,Park Way,12601.45,4,5,1,369.84,1.0,0,0
2194,Ceilândia,1388.31,5,2,1,129.69,1.87,1,1
2195,Sobradinho II,1394.61,3,3,1,170.3,4.07,0,0
2196,Samambaia,1231.65,2,3,0,110.13,4.47,0,1
2197,Samambaia,1305.84,3,2,1,122.31,3.12,0,0
2198,Samambaia,1442.25,8,4,0,149.86,1.3,0,1
2199,Ceilândia,916.6,4,7,1,148.49,4.05,0,0
2200,Sobradinho II,1712.01,2,4,1,109.09,3.19,0,0
